district,post_office,postal_code,post_office_type,Country
Achham,Achham,10700,D.P.O.,Nepal
Achham,Chaurpati,10701,A.P.O.,Nepal
Achham,Srikot,10702,A.P.O.,Nepal
Achham,Thanti,10703,A.P.O.,Nepal
Achham,Mellekh,10704,A.P.O.,Nepal
Achham,Bayalpata,10705,A.P.O.,Nepal
Achham,Bhatakatiya,10706,A.P.O.,Nepal
Achham,Jayagadh,10707,A.P.O.,Nepal
Achham,Kalagaun,10709,A.P.O.,Nepal
Achham,Kuchikot,10710,A.P.O.,Nepal
Achham,Kamal bazar,10711,A.P.O.,Nepal
Achham,Dhakari,10712,A.P.O.,Nepal
Achham,Turmakhad,10713,A.P.O.,Nepal
Arghakhanchi,Arghakhanchi,32700,D.P.O.,Nepal
Arghakhanchi,Balkot,32701,A.P.O.,Nepal
Arghakhanchi,Arghatosh,32702,A.P.O.,Nepal
Arghakhanchi,Khana,32703,A.P.O.,Nepal
Arghakhanchi,Wangla,32704,A.P.O.,Nepal
Arghakhanchi,Hamshapur,32705,A.P.O.,Nepal
Arghakhanchi,Thada,32706,A.P.O.,Nepal
Arghakhanchi,Khilji,32708,A.P.O.,Nepal
Arghakhanchi,Khidim,32709,A.P.O.,Nepal
Arghakhanchi,Pali,32710,A.P.O.,Nepal
Arghakhanchi,Dhikura,32711,A.P.O.,Nepal
Arghakhanchi,Argha,32712,A.P.O.,Nepal
Arghakhanchi,Subarnakhal,32713,A.P.O.,Nepal
Baglung,Baglung,33300,D.P.O.,Nepal
Baglung,Pala,33302,A.P.O.,Nepal
Baglung,Bihukot,33303,A.P.O.,Nepal
Baglung,Harichaur,33304,A.P.O.,Nepal
Baglung,Balewa Payupata,33305,A.P.O.,Nepal
Baglung,Jaidi Belbagar,33306,A.P.O.,Nepal
Baglung,Bereng,33307,A.P.O.,Nepal
Baglung,Galkot,33308,A.P.O.,Nepal
Baglung,Pandavkhani,33309,A.P.O.,Nepal
Baglung,Arnakot,33310,A.P.O.,Nepal
Baglung,Khrwang,33311,A.P.O.,Nepal
Baglung,Bongadovan,33312,A.P.O.,Nepal
Baglung,Jhimpa,33313,A.P.O.,Nepal
Baglung,Kusmi Shera,33314,A.P.O.,Nepal
Baitadi,Baitadi,10200,D.P.O.,Nepal
Baitadi,Kesharpur,10201,A.P.O.,Nepal
Baitadi,Patan,10202,A.P.O.,Nepal
Baitadi,Khodpe,10203,A.P.O.,Nepal
Baitadi,Mulkhatali,10204,A.P.O.,Nepal
Baitadi,Gajari Changgad,10205,A.P.O.,Nepal
Baitadi,Dehimandau,10207,A.P.O.,Nepal
Baitadi,Sharmali,10209,A.P.O.,Nepal
Baitadi,Srikot,10210,A.P.O.,Nepal
Baitadi,Dilasaini,10211,A.P.O.,Nepal
Baitadi,Swopana Taladehi,10212,A.P.O.,Nepal
Baitadi,Purchaudihat,10213,A.P.O.,Nepal
Baitadi,Sitad,10214,A.P.O.,Nepal
Baitadi,Dhungad,10215,A.P.O.,Nepal
Bajhang,Bajhang,10500,D.P.O.,Nepal
Bajhang,Talkot,10501,A.P.O.,Nepal
Bajhang,Jamatola,10502,A.P.O.,Nepal
Bajhang,Jaya Prithivi Nagar,10505,A.P.O.,Nepal
Bajhang,Chhanna,10506,A.P.O.,Nepal
Bajhang,Chaudhari,10507,A.P.O.,Nepal
Bajhang,Rayal,10508,A.P.O.,Nepal
Bajhang,Thalara,10509,A.P.O.,Nepal
Bajhang,Bungal,10510,A.P.O.,Nepal
Bajhang,Shayadi,10511,A.P.O.,Nepal
Bajura,Bajura,10600,D.P.O.,Nepal
Bajura,Dandakot,10602,A.P.O.,Nepal
Bajura,Jukot,10603,A.P.O.,Nepal
Bajura,Faiti,10604,A.P.O.,Nepal
Bajura,Kolti,10605,A.P.O.,Nepal
Bajura,Manakot,10606,A.P.O.,Nepal
Bajura,Dogadi,10607,A.P.O.,Nepal
Bajura,Tate,10608,A.P.O.,Nepal
Bajura,Chhatara,10609,A.P.O.,Nepal
Banke,Banke,21900,D.P.O.,Nepal
Banke,Suiya,21901,A.P.O.,Nepal
Banke,Bhojbhagawanpur,21902,A.P.O.,Nepal
Banke,Khaskusma,21903,A.P.O.,Nepal
Banke,Kohalapur,21904,A.P.O.,Nepal
Banke,Ramjha,21905,A.P.O.,Nepal
Banke,Udayapur,21907,A.P.O.,Nepal
Banke,Chisapani,21910,A.P.O.,Nepal
Banke,Godahana,21911,A.P.O.,Nepal
Banke,Jayaspur,21912,A.P.O.,Nepal
Banke,Khajura,21913,A.P.O.,Nepal
Banke,Chandranagar,21914,A.P.O.,Nepal
Bara,Bara,44400,D.P.O.,Nepal
Bara,Nijgadh,44401,A.P.O.,Nepal
Bara,Mahendra Adarsha,44402,A.P.O.,Nepal
Bara,Simraungadh,44403,A.P.O.,Nepal
Bara,Umjan,44404,A.P.O.,Nepal
Bara,Bariyarpur,44405,A.P.O.,Nepal
Bara,Kabahigoth,44406,A.P.O.,Nepal
Bara,Dumarwana,44408,A.P.O.,Nepal
Bara,Pipradhigoth,44410,A.P.O.,Nepal
Bara,Basantapur,44411,A.P.O.,Nepal
Bara,Simara,44412,A.P.O.,Nepal
Bara,Parsoni,44413,A.P.O.,Nepal
Bara,Amalekhgunj,44416,A.P.O.,Nepal
Bara,Jeetpur (Bhavanipur),44417,A.P.O.,Nepal
Bardiya,Bardiya,21800,D.P.O.,Nepal
Bardiya,Jamuni,21801,A.P.O.,Nepal
Bardiya,Mainapokhar,21802,A.P.O.,Nepal
Bardiya,Motipur,21803,A.P.O.,Nepal
Bardiya,Magaragadi,21804,A.P.O.,Nepal
Bardiya,Baganaha,21808,A.P.O.,Nepal
Bardiya,Bhurigaun,21809,A.P.O.,Nepal
Bardiya,Rajapur,21811,A.P.O.,Nepal
Bardiya,Pashupatinagar,21813,A.P.O.,Nepal
Bardiya,Sanoshri,21814,A.P.O.,Nepal
Bhaktapur,Bhaktapur,44800,D.P.O.,Nepal
Bhaktapur,Dubakot,44802,A.P.O.,Nepal
Bhaktapur,Kharipati,44804,A.P.O.,Nepal
Bhaktapur,Tathali,44805,A.P.O.,Nepal
Bhaktapur,Jorpati,44806,A.P.O.,Nepal
Bhaktapur,Gamcha,44809,A.P.O.,Nepal
Bhaktapur,Dibyashwori,44810,A.P.O.,Nepal
Bhaktapur,Thimi,44811,A.P.O.,Nepal
Bhaktapur,Nagarkot,44812,A.P.O.,Nepal
Bhojpur,Bhojpur,57000,D.P.O.,Nepal
Bhojpur,Kulung Agrakhe,57001,A.P.O.,Nepal
Bhojpur,Dingla,57002,A.P.O.,Nepal
Bhojpur,Deurali,57003,A.P.O.,Nepal
Bhojpur,Pyauli,57004,A.P.O.,Nepal
Bhojpur,Yaku,57005,A.P.O.,Nepal
Bhojpur,Bastim,57006,A.P.O.,Nepal
Bhojpur,Timma,57008,A.P.O.,Nepal
Bhojpur,Dilpa Annapurna,57009,A.P.O.,Nepal
Bhojpur,Bhulke,57010,A.P.O.,Nepal
Bhojpur,Baikunthe,57011,A.P.O.,Nepal
Bhojpur,Ranibas,57012,A.P.O.,Nepal
Bhojpur,Walangkha,57013,A.P.O.,Nepal
Bhojpur,Tiwari Bhanjyang,57014,A.P.O.,Nepal
Bhojpur,Dobhane,57015,A.P.O.,Nepal
Chitawan,Chitwan,44200,A.P.O.,Nepal
Chitawan,Ratnanagar,44204,A.P.O.,Nepal
Chitawan,Mugling,44206,A.P.O.,Nepal
Chitawan,Narayangadh,44207,A.P.O.,Nepal
Chitawan,Rampur,44209,A.P.O.,Nepal
Chitawan,Soshi Bazar,44212,A.P.O.,Nepal
Chitawan,Harinagar,44213,A.P.O.,Nepal
Chitawan,Madi,44214,A.P.O.,Nepal
Chitawan,Bhandara,44202,A.P.O.,Nepal
Chitawan,Khairahani,44203,A.P.O.,Nepal
Chitawan,Jutpani,44205,A.P.O.,Nepal
Chitawan,Phulbari,44208,A.P.O.,Nepal
Chitawan,Meghauli,44210,A.P.O.,Nepal
Chitawan,Patihani,44211,A.P.O.,Nepal
Dadeldhura,Dadeldhura,10300,D.P.O.,Nepal
Dadeldhura,Ugratara,10302,A.P.O.,Nepal
Dadeldhura,Dandaban,10303,A.P.O.,Nepal
Dadeldhura,Ganeshpur,10304,A.P.O.,Nepal
Dadeldhura,Gaira Ganesh,10305,A.P.O.,Nepal
Dadeldhura,Jogbudha,10306,A.P.O.,Nepal
Dadeldhura,Lamikande,10307,A.P.O.,Nepal
Dadeldhura,Chipur,10308,A.P.O.,Nepal
Dadeldhura,Ajayameru,10309,A.P.O.,Nepal
Dailekh,Dailekh,21600,D.P.O.,Nepal
Dailekh,Gaidabaj,21602,A.P.O.,Nepal
Dailekh,Naumule,21603,A.P.O.,Nepal
Dailekh,Byastada,21604,A.P.O.,Nepal
Dailekh,Dhungeshwor,21605,A.P.O.,Nepal
Dailekh,Malika,21607,A.P.O.,Nepal
Dailekh,Dullu,21608,A.P.O.,Nepal
Dailekh,Jambu Kandha,21609,A.P.O.,Nepal
Dailekh,Rakam Karnali,21610,A.P.O.,Nepal
Dang,Dang,22400,D.P.O.,Nepal
Dang,Hapur,22402,A.P.O.,Nepal
Dang,Jumlepani,22403,A.P.O.,Nepal
Dang,Bhaluwang,22404,A.P.O.,Nepal
Dang,Koilabas,22405,A.P.O.,Nepal
Dang,Jangrahawa,22406,A.P.O.,Nepal
Dang,Rampur,22407,A.P.O.,Nepal
Dang,Urahari,22408,A.P.O.,Nepal
Dang,Hekuli,22409,A.P.O.,Nepal
Dang,Panchakule,22410,A.P.O.,Nepal
Dang,Shantinagar,22411,A.P.O.,Nepal
Dang,Tulsipur,22412,A.P.O.,Nepal
Dang,Manpur,22413,A.P.O.,Nepal
Dang,Lamahi,22414,A.P.O.,Nepal
Dang,Ghorahi,22415,A.P.O.,Nepal
Darchula,Darchula,10100,D.P.O.,Nepal
Darchula,Rapla,10101,A.P.O.,Nepal
Darchula,Duhuti,10102,A.P.O.,Nepal
Darchula,Malikarjun,10104,A.P.O.,Nepal
Darchula,Joljibi,10105,A.P.O.,Nepal
Darchula,Dandakot,10106,A.P.O.,Nepal
Darchula,Ritha Chaupata,10107,A.P.O.,Nepal
Darchula,Gokule,10108,A.P.O.,Nepal
Darchula,Sitola,10109,A.P.O.,Nepal
Darchula,Marmalatinath,10110,A.P.O.,Nepal
Darchula,Sipti,10111,A.P.O.,Nepal
Dhading,Dhading,45100,D.P.O.,Nepal
Dhading,Lapa,45101,A.P.O.,Nepal
Dhading,Sertung,45102,A.P.O.,Nepal
Dhading,Phulkharka,45103,A.P.O.,Nepal
Dhading,Tripureshwor,45104,A.P.O.,Nepal
Dhading,Katunje,45105,A.P.O.,Nepal
Dhading,Sunkhani,45106,A.P.O.,Nepal
Dhading,Sunaulabazar,45108,A.P.O.,Nepal
Dhading,Maidi,45109,A.P.O.,Nepal
Dhading,Khanikhola,45110,A.P.O.,Nepal
Dhading,Bhumisthan,45111,A.P.O.,Nepal
Dhading,Gajuri,45112,A.P.O.,Nepal
Dhading,Malekhu,45113,A.P.O.,Nepal
Dhankuta,Dhankuta,56800,D.P.O.,Nepal
Dhankuta,Mudhebash,56801,A.P.O.,Nepal
Dhankuta,Rajarani,56802,A.P.O.,Nepal
Dhankuta,Dandabazar,56803,A.P.O.,Nepal
Dhankuta,Bhedetar,56804,A.P.O.,Nepal
Dhankuta,Ankhisalla,56805,A.P.O.,Nepal
Dhankuta,Hile,56806,A.P.O.,Nepal
Dhankuta,Muga,56807,A.P.O.,Nepal
Dhankuta,Teliya,56808,A.P.O.,Nepal
Dhankuta,Pakhribash,56809,A.P.O.,Nepal
Dhankuta,Leguwa,56810,A.P.O.,Nepal
Dhankuta,Mare Katahare,56811,A.P.O.,Nepal
Dhankuta,Arknaule,56812,A.P.O.,Nepal
Dhankuta,Chungmang,56813,A.P.O.,Nepal
Dhanusha,Dhanusha,45600,D.P.O.,Nepal
Dhanusha,Khajuri,45601,A.P.O.,Nepal
Dhanusha,Tinkoriya,45602,A.P.O.,Nepal
Dhanusha,Yadukuha,45603,A.P.O.,Nepal
Dhanusha,Duhabi,45604,A.P.O.,Nepal
Dhanusha,Chakkar,45605,A.P.O.,Nepal
Dhanusha,Raghunathpur,45606,A.P.O.,Nepal
Dhanusha,Godar Chisapani,45607,A.P.O.,Nepal
Dhanusha,Dhanushadham,45608,A.P.O.,Nepal
Dhanusha,Bagachauda,45610,A.P.O.,Nepal
Dhanusha,Jatahi,45611,A.P.O.,Nepal
Dhanusha,Phulgama,45612,A.P.O.,Nepal
Dhanusha,Sankhuwa Mahendranagar,45616,A.P.O.,Nepal
Dhanusha,Dhalkebar,45617,A.P.O.,Nepal
Dolakha,Dolakha,45500,D.P.O.,Nepal
Dolakha,Khahare,45501,A.P.O.,Nepal
Dolakha,Namdu,45502,A.P.O.,Nepal
Dolakha,Jiri,45503,A.P.O.,Nepal
Dolakha,Japhekalapani,45505,A.P.O.,Nepal
Dolakha,Melung,45506,A.P.O.,Nepal
Dolakha,Bhusapheda,45507,A.P.O.,Nepal
Dolakha,Sunkhani,45509,A.P.O.,Nepal
Dolakha,Khopachangu,45510,A.P.O.,Nepal
Dolakha,Lamabagar,45511,A.P.O.,Nepal
Dolakha,Chitre,45512,A.P.O.,Nepal
Dolpa,Dolpa,21400,D.P.O.,Nepal
Dolpa,Juphal,21401,A.P.O.,Nepal
Dolpa,Tripurakot,21402,A.P.O.,Nepal
Dolpa,Liku,21403,A.P.O.,Nepal
Dolpa,Sarmi,21404,A.P.O.,Nepal
Dolpa,Kaigaun,21405,A.P.O.,Nepal
Dolpa,Foksundo,21406,A.P.O.,Nepal
Dolpa,Namdo,21407,A.P.O.,Nepal
Doti,Doti,10800,D.P.O.,Nepal
Doti,Silgadhi,10801,A.P.O.,Nepal
Doti,Sanagaun,10802,A.P.O.,Nepal
Doti,Daund,10803,A.P.O.,Nepal
Doti,Mauwa Nagardaha,10804,A.P.O.,Nepal
Doti,Banedungrasen,10805,A.P.O.,Nepal
Doti,Jorayal,10806,A.P.O.,Nepal
Doti,Gadhshera,10807,A.P.O.,Nepal
Doti,Lanakedareswor,10808,A.P.O.,Nepal
Doti,Boktan,10809,A.P.O.,Nepal
Doti,Byal,10810,A.P.O.,Nepal
Doti,Mudbhara,10811,A.P.O.,Nepal
Gorkha,Gorkha,34000,D.P.O.,Nepal
Gorkha,Bungkot,34002,A.P.O.,Nepal
Gorkha,Manakamana,34003,A.P.O.,Nepal
Gorkha,Batase,34004,A.P.O.,Nepal
Gorkha,Luintel,34005,A.P.O.,Nepal
Gorkha,Anapipal,34006,A.P.O.,Nepal
Gorkha,Jaubari,34007,A.P.O.,Nepal
Gorkha,Bhachchek,34008,A.P.O.,Nepal
Gorkha,Saurpani,34009,A.P.O.,Nepal
Gorkha,Ghyampesal,34010,A.P.O.,Nepal
Gorkha,Aarughat,34011,A.P.O.,Nepal
Gorkha,Gumda,34012,A.P.O.,Nepal
Gorkha,Sirdibash,34013,A.P.O.,Nepal
Gulmi,Gulmi,32600,D.P.O.,Nepal
Gulmi,Purtighat,32601,A.P.O.,Nepal
Gulmi,Bharse,32602,A.P.O.,Nepal
Gulmi,Chandrakot,32603,A.P.O.,Nepal
Gulmi,Majuwa,32604,A.P.O.,Nepal
Gulmi,Ridi,32605,A.P.O.,Nepal
Gulmi,Sringa,32606,A.P.O.,Nepal
Gulmi,Birabas,32607,A.P.O.,Nepal
Gulmi,Wami,32609,A.P.O.,Nepal
Gulmi,Ismadohali,32610,A.P.O.,Nepal
Gulmi,Dhurkot,32611,A.P.O.,Nepal
Gulmi,Purkotadha,32612,A.P.O.,Nepal
Gulmi,Arje,32613,A.P.O.,Nepal
Gulmi,Manabhak,32614,A.P.O.,Nepal
Gulmi,Pipaldanda,32615,A.P.O.,Nepal
Humla,Humla,21000,D.P.O.,Nepal
Humla,Muchu,21003,A.P.O.,Nepal
Humla,Lali,21004,A.P.O.,Nepal
Humla,Sarkegadh,21005,A.P.O.,Nepal
Humla,Darma,21007,A.P.O.,Nepal
Humla,Srinagar,21008,A.P.O.,Nepal
Ilam,Ilam,57300,D.P.O.,Nepal
Ilam,Nayabazar,57302,A.P.O.,Nepal
Ilam,Pashupatinagar,57303,A.P.O.,Nepal
Ilam,Aaitabare,57304,A.P.O.,Nepal
Ilam,Harkatebazar,57305,A.P.O.,Nepal
Ilam,Gajurmukhi,57306,A.P.O.,Nepal
Ilam,Mangal Bare,57307,A.P.O.,Nepal
Ilam,Nepaltar,57308,A.P.O.,Nepal
Ilam,Jamuna,57309,A.P.O.,Nepal
Ilam,Gitpur,57310,A.P.O.,Nepal
Ilam,Cheesa Pani Panchami,57311,A.P.O.,Nepal
Ilam,Phikal,57312,A.P.O.,Nepal
Jajarkot,Jajarkot,21500,D.P.O.,Nepal
Jajarkot,Dhime,21503,A.P.O.,Nepal
Jajarkot,Dalli,21504,A.P.O.,Nepal
Jajarkot,Ragda,21505,A.P.O.,Nepal
Jajarkot,Rokaya gaun (Limsa),21506,A.P.O.,Nepal
Jajarkot,Dashera,21508,A.P.O.,Nepal
Jajarkot,Thalaraikar,21509,A.P.O.,Nepal
Jajarkot,Garkhakot,21510,A.P.O.,Nepal
Jajarkot,Karkigaun,21511,A.P.O.,Nepal
Jhapa,Jhapa,57200,D.P.O.,Nepal
Jhapa,Baniyani,57201,A.P.O.,Nepal
Jhapa,Goldhap,57202,A.P.O.,Nepal
Jhapa,Chandragadhi,57203,A.P.O.,Nepal
Jhapa,Birtamod,57204,A.P.O.,Nepal
Jhapa,Sanishchare,57205,A.P.O.,Nepal
Jhapa,Budhabare,57206,A.P.O.,Nepal
Jhapa,Dhulabari,57207,A.P.O.,Nepal
Jhapa,Kankarbhitta,57208,A.P.O.,Nepal
Jhapa,Rajgadh,57209,A.P.O.,Nepal
Jhapa,Durgapur,57210,A.P.O.,Nepal
Jhapa,Jhapa,57211,D.P.O.,Nepal
Jhapa,Dudhe,57212,A.P.O.,Nepal
Jhapa,Shivagunj,57213,A.P.O.,Nepal
Jhapa,Topagachhi,57214,A.P.O.,Nepal
Jhapa,Gaurigunj,57215,A.P.O.,Nepal
Jhapa,Gauradaha,57216,A.P.O.,Nepal
Jhapa,Damak,57217,A.P.O.,Nepal
Jumla,Jumla,21200,D.P.O.,Nepal
Jumla,Dillichaur,21202,A.P.O.,Nepal
Jumla,Tatopani,21204,A.P.O.,Nepal
Jumla,Malikathata,21205,A.P.O.,Nepal
Jumla,Kalikakhetu,21206,A.P.O.,Nepal
Jumla,Narakot,21207,A.P.O.,Nepal
Jumla,Hatsinja,21208,A.P.O.,Nepal
Jumla,Chautha,21209,A.P.O.,Nepal
Kailal,Munuwa,10902,A.P.O.,Nepal
Kailal,Kailali,10900,A.P.O.,Nepal
Kailal,Tikapur,10901,A.P.O.,Nepal
Kailal,Dododhara,10903,A.P.O.,Nepal
Kailal,Lamki,10904,A.P.O.,Nepal
Kailal,Masuriya,10905,A.P.O.,Nepal
Kailal,Pahalmanpur,10906,A.P.O.,Nepal
Kailal,Hasuliya,10907,A.P.O.,Nepal
Kailal,Bhajani,10908,A.P.O.,Nepal
Kailal,Joshipur,10909,A.P.O.,Nepal
Kailal,Phulbari,10910,A.P.O.,Nepal
Kailal,Atariya,10911,A.P.O.,Nepal
Kailal,Chaumala,10912,A.P.O.,Nepal
Kailal,Phaltude,10914,A.P.O.,Nepal
Kalikot,Kalikot,21300,D.P.O.,Nepal
Kalikot,Sanniraskot,21303,A.P.O.,Nepal
Kalikot,Mehalmudi,21304,A.P.O.,Nepal
Kalikot,Kotbada,21305,A.P.O.,Nepal
Kalikot,Kalikot,21306,D.P.O.,Nepal
Kalikot,Padamghat,21307,A.P.O.,Nepal
Kalikot,Jubitha,21308,A.P.O.,Nepal
Kalikot,Thirpu,21309,A.P.O.,Nepal
Kanchanpur,Kanchanpur,10400,D.P.O.,Nepal
Kanchanpur,Krishnapur,10401,A.P.O.,Nepal
Kanchanpur,Kalika,10402,A.P.O.,Nepal
Kanchanpur,Punarbas,10403,A.P.O.,Nepal
Kanchanpur,Beldadi,10404,A.P.O.,Nepal
Kanchanpur,Pipaladi,10405,A.P.O.,Nepal
Kanchanpur,Kanchanpur,10406,D.P.O.,Nepal
Kanchanpur,Chandani,10407,A.P.O.,Nepal
Kanchanpur,Airport,10409,A.P.O.,Nepal
Kanchanpur,Suda,10410,A.P.O.,Nepal
Kanchanpur,Jhalari,10411,A.P.O.,Nepal
Kapilbastu,Kapilbastu,32800,D.P.O.,Nepal
Kapilbastu,Pipara,32801,A.P.O.,Nepal
Kapilbastu,Patariya,32802,A.P.O.,Nepal
Kapilbastu,Pakadi,32804,A.P.O.,Nepal
Kapilbastu,Kopawa,32805,A.P.O.,Nepal
Kapilbastu,Gotihawa,32808,A.P.O.,Nepal
Kapilbastu,Gorusinge,32809,A.P.O.,Nepal
Kapilbastu,Pattharkot,32810,A.P.O.,Nepal
Kapilbastu,Thuniya,32811,A.P.O.,Nepal
Kapilbastu,Maharajgunj,32812,A.P.O.,Nepal
Kapilbastu,Ganeshpur,32813,A.P.O.,Nepal
Kapilbastu,Chanauta,32814,A.P.O.,Nepal
Kapilbastu,Krishnanagar,32815,A.P.O.,Nepal
Kapilbastu,Shiva Raj,32816,A.P.O.,Nepal
Kaski,Kaski,33700,D.P.O.,Nepal
Kaski,Rupakot,33701,A.P.O.,Nepal
Kaski,Gagan Gaunda,33702,A.P.O.,Nepal
Kaski,Makaikhola,33703,A.P.O.,Nepal
Kaski,Majhathana,33704,A.P.O.,Nepal
Kaski,Sildujure,33705,A.P.O.,Nepal
Kaski,Nirmalpokhari,33706,A.P.O.,Nepal
Kaski,Pardibandh,33707,A.P.O.,Nepal
Kaski,Bhalam,33708,A.P.O.,Nepal
Kaski,Chapakot,33709,A.P.O.,Nepal
Kaski,Birethanti,33710,A.P.O.,Nepal
Kaski,Naudanda,33711,A.P.O.,Nepal
Kaski,Ghachok,33712,A.P.O.,Nepal
Kaski,Purunchaur,33713,A.P.O.,Nepal
Kathmandu,Kathmandu,44600,D.P.O.,Nepal
Kathmandu,Sankhu,44601,A.P.O.,Nepal
Kathmandu,Chabahil,44602,A.P.O.,Nepal
Kathmandu,Sundarijal,44603,A.P.O.,Nepal
Kathmandu,Gauchar,44604,A.P.O.,Nepal
Kathmandu,Dillibazar,44605,A.P.O.,Nepal
Kathmandu,Bansbari,44606,A.P.O.,Nepal
Kathmandu,Tokha Saraswati,44608,A.P.O.,Nepal
Kathmandu,Sachibalaya,44609,A.P.O.,Nepal
Kathmandu,Manmaiju,44610,A.P.O.,Nepal
Kathmandu,Balaju,44611,A.P.O.,Nepal
Kathmandu,Tribhuvan University,44613,A.P.O.,Nepal
Kathmandu,Kalimati,44614,A.P.O.,Nepal
Kathmandu,Pharping,44615,A.P.O.,Nepal
Kathmandu,Baluwatar,44616,A.P.O.,Nepal
Kathmandu,Sarbochcha Adalat,44617,A.P.O.,Nepal
Kathmandu,Kirtipur,44618,A.P.O.,Nepal
Kathmandu,Thankot,44619,A.P.O.,Nepal
Kathmandu,Swayambhu,44620,A.P.O.,Nepal
Kathmandu,Pashupati,44621,A.P.O.,Nepal
Kathmandu,Budhanilkantha,44622,A.P.O.,Nepal
Kaverpalanchok,Pokharinarayanshthan,45203,A.P.O.,Nepal
Kaverpalanchok,Gumati Bhanjyang,45204,A.P.O.,Nepal
Kaverpalanchok,Mahadevasthan,45213,A.P.O.,Nepal
Kaverpalanchok,Khopasi,45216,A.P.O.,Nepal
Kaverpalanchok,Kavrepalanchok,45200,A.P.O.,Nepal
Kaverpalanchok,Ghartichhap,45201,A.P.O.,Nepal
Kaverpalanchok,Mangaltar,45202,A.P.O.,Nepal
Kaverpalanchok,Dapcha,45205,A.P.O.,Nepal
Kaverpalanchok,Panauti,45209,A.P.O.,Nepal
Kaverpalanchok,Banepa,45210,A.P.O.,Nepal
Kaverpalanchok,Panchkhal,45212,A.P.O.,Nepal
Kaverpalanchok,Phalante,45214,A.P.O.,Nepal
Kaverpalanchok,Dolal Ghat,45215,A.P.O.,Nepal
Khotang,Khotang,56200,D.P.O.,Nepal
Khotang,Wakshila,56201,A.P.O.,Nepal
Khotang,Aiselukharka,56202,A.P.O.,Nepal
Khotang,Jalpa,56204,A.P.O.,Nepal
Khotang,Lamidanda,56205,A.P.O.,Nepal
Khotang,Halesi mahadevasthan,56206,A.P.O.,Nepal
Khotang,Buipa,56208,A.P.O.,Nepal
Khotang,Manebhanjyang,56209,A.P.O.,Nepal
Khotang,Sapteshworichhitapokhari,56210,A.P.O.,Nepal
Khotang,Khotang,56211,D.P.O.,Nepal
Khotang,Chisapani,56212,A.P.O.,Nepal
Khotang,Simpani,56214,A.P.O.,Nepal
Lalitpur,Lalitpur,44700,D.P.O.,Nepal
Lalitpur,Dhapakhel,44703,A.P.O.,Nepal
Lalitpur,Imadol,44705,A.P.O.,Nepal
Lalitpur,Darabartole,44707,A.P.O.,Nepal
Lalitpur,Lubhu,44708,A.P.O.,Nepal
Lalitpur,Godawari,44709,A.P.O.,Nepal
Lalitpur,Chapagaun,44710,A.P.O.,Nepal
Lalitpur,Gotikhel,44711,A.P.O.,Nepal
Lalitpur,Bhattedanda,44712,A.P.O.,Nepal
Lalitpur,Pyutar,44713,A.P.O.,Nepal
Lamjung,Lamjung,33600,D.P.O.,Nepal
Lamjung,Maling,33602,A.P.O.,Nepal
Lamjung,Sundar Bazar,33603,A.P.O.,Nepal
Lamjung,Sotipasal,33604,A.P.O.,Nepal
Lamjung,Kunchha,33605,A.P.O.,Nepal
Lamjung,Gilung,33606,A.P.O.,Nepal
Lamjung,Khudi,33607,A.P.O.,Nepal
Lamjung,Phaliyasanghu,33608,A.P.O.,Nepal
Lamjung,Bharate,33609,A.P.O.,Nepal
Lamjung,Gaunda,33610,A.P.O.,Nepal
Lamjung,Tarkughat,33611,A.P.O.,Nepal
Mahottari,Mahottari,45700,D.P.O.,Nepal
Mahottari,Bardibash,45701,A.P.O.,Nepal
Mahottari,Bhangaha,45702,A.P.O.,Nepal
Mahottari,Loharpatti,45703,A.P.O.,Nepal
Mahottari,Pipara,45704,A.P.O.,Nepal
Mahottari,Matihani,45705,A.P.O.,Nepal
Mahottari,Ramgopalpur,45707,A.P.O.,Nepal
Mahottari,Balawa,45708,A.P.O.,Nepal
Mahottari,Laxminiya,45710,A.P.O.,Nepal
Mahottari,Gaushala,45711,A.P.O.,Nepal
Mahottari,Shreepur,45712,A.P.O.,Nepal
Mahottari,Samsi,45713,A.P.O.,Nepal
Mahottari,Manara,45714,A.P.O.,Nepal
Makabanpur,Hatiya,44103,A.P.O.,Nepal
Makabanpur,Aambhanjyang,44104,A.P.O.,Nepal
Makabanpur,Manahari,44106,A.P.O.,Nepal
Makabanpur,Basamadi,44108,A.P.O.,Nepal
Makabanpur,Markhu,44113,A.P.O.,Nepal
Makabanpur,Makawanpur,44100,A.P.O.,Nepal
Makabanpur,Phaparbari,44101,A.P.O.,Nepal
Makabanpur,Ritha Chhatibwn,44102,A.P.O.,Nepal
Makabanpur,Hetauda I.A.,44107,A.P.O.,Nepal
Makabanpur,Palung,44110,A.P.O.,Nepal
Makabanpur,Bhainse,44111,A.P.O.,Nepal
Makabanpur,Bhimphedi,44112,A.P.O.,Nepal
Manang,Manang,33500,D.P.O.,Nepal
Manang,Pisang,33502,A.P.O.,Nepal
Manang,Bhakra,33503,A.P.O.,Nepal
Manang,Mathillo Manang,33504,A.P.O.,Nepal
Manang,Nar,33507,A.P.O.,Nepal
Manang,Dharapani,33509,A.P.O.,Nepal
Morang,Morang,56600,D.P.O.,Nepal
Morang,Chunimari,56601,A.P.O.,Nepal
Morang,Rangeli,56602,A.P.O.,Nepal
Morang,Sanischare,56603,A.P.O.,Nepal
Morang,Urlabari,56604,A.P.O.,Nepal
Morang,Madhumalla,56605,A.P.O.,Nepal
Morang,Bayarban,56606,A.P.O.,Nepal
Morang,Sorabhag,56607,A.P.O.,Nepal
Morang,Dadarberiya,56608,A.P.O.,Nepal
Morang,Letang,56609,A.P.O.,Nepal
Morang,Kerabari,56610,A.P.O.,Nepal
Morang,Haraincha,56611,A.P.O.,Nepal
Morang,Bhaudaha,56612,A.P.O.,Nepal
Morang,Biratnagar Bazar,56613,A.P.O.,Nepal
Morang,Rani Sikiyahi,56614,A.P.O.,Nepal
Morang,Jhorahat,56615,A.P.O.,Nepal
Morang,Banigama,56616,A.P.O.,Nepal
Morang,Bansbari,56617,A.P.O.,Nepal
Mugu,Mugu,21100,D.P.O.,Nepal
Mugu,Rowa,21102,A.P.O.,Nepal
Mugu,Pulu,21103,A.P.O.,Nepal
Mugu,Sorubarma,21105,A.P.O.,Nepal
Mugu,Rara,21106,A.P.O.,Nepal
Mugu,Sukhadhik,21107,A.P.O.,Nepal
Mugu,Gumtha,21109,A.P.O.,Nepal
Mugu,Dhainkot,21110,A.P.O.,Nepal
Mustang,Mustang,33100,D.P.O.,Nepal
Mustang,Marpha,33102,A.P.O.,Nepal
Mustang,Kagbeni,33103,A.P.O.,Nepal
Mustang,Charang,33104,A.P.O.,Nepal
Mustang,Mustang,33105,D.P.O.,Nepal
Mustang,Chhoser,33106,A.P.O.,Nepal
Mustang,Muktinath,33107,A.P.O.,Nepal
Mustang,Lete,33108,A.P.O.,Nepal
Mustang,Thak Tukuche,33109,A.P.O.,Nepal
Myagdi,Myagdi,33200,D.P.O.,Nepal
Myagdi,Xyamarukot,33202,A.P.O.,Nepal
Myagdi,Galeswor,33203,A.P.O.,Nepal
Myagdi,Rakhu Bhagawati,33204,A.P.O.,Nepal
Myagdi,Sikha,33205,A.P.O.,Nepal
Myagdi,Dana,33206,A.P.O.,Nepal
Myagdi,Babiyachaur,33207,A.P.O.,Nepal
Myagdi,Darbang,33208,A.P.O.,Nepal
Myagdi,Pakhapani,33209,A.P.O.,Nepal
Myagdi,Takam,33210,A.P.O.,Nepal
Myagdi,Lulang,33211,A.P.O.,Nepal
Nawalparasi,Nawalparasi,33000,D.P.O.,Nepal
Nawalparasi,Rakuwa,33001,A.P.O.,Nepal
Nawalparasi,Bulingtar,33002,A.P.O.,Nepal
Nawalparasi,Gaindakot,33003,A.P.O.,Nepal
Nawalparasi,Dumkauli,33004,A.P.O.,Nepal
Nawalparasi,Shergunj,33005,A.P.O.,Nepal
Nawalparasi,Naya Belhani,33006,A.P.O.,Nepal
Nawalparasi,Tribeni,33007,A.P.O.,Nepal
Nawalparasi,Semari,33008,A.P.O.,Nepal
Nawalparasi,Guthi persauni,33009,A.P.O.,Nepal
Nawalparasi,Bhujahawa,33010,A.P.O.,Nepal
Nawalparasi,Makar,33011,A.P.O.,Nepal
Nawalparasi,Tilakpur,33012,A.P.O.,Nepal
Nawalparasi,Maheshpur,33013,A.P.O.,Nepal
Nawalparasi,Sunawal,33015,A.P.O.,Nepal
Nawalparasi,Pithauli,33016,A.P.O.,Nepal
Nuwakot,Nuwakot,44900,D.P.O.,Nepal
Nuwakot,Thansingh,44902,A.P.O.,Nepal
Nuwakot,Ranipauwa,44903,A.P.O.,Nepal
Nuwakot,Taruka,44905,A.P.O.,Nepal
Nuwakot,Deurali,44906,A.P.O.,Nepal
Nuwakot,Kahule,44907,A.P.O.,Nepal
Nuwakot,Nuwakot,44908,D.P.O.,Nepal
Nuwakot,Chokade,44909,A.P.O.,Nepal
Nuwakot,Kharanitar,44910,A.P.O.,Nepal
Nuwakot,Bhadratar,44911,A.P.O.,Nepal
Nuwakot,Ramabati,44912,A.P.O.,Nepal
Nuwakot,Rautbesi,44913,A.P.O.,Nepal
Nuwakot,Pokharichapadanda,44914,A.P.O.,Nepal
Nuwakot,Devighat,44915,A.P.O.,Nepal
Okhaldhunga,Okhaldhunga,56100,D.P.O.,Nepal
Okhaldhunga,Khani Bhanjyang,56101,A.P.O.,Nepal
Okhaldhunga,Rumjatar,56102,A.P.O.,Nepal
Okhaldhunga,Rampur,56104,A.P.O.,Nepal
Okhaldhunga,Bigutar,56105,A.P.O.,Nepal
Okhaldhunga,Khiji Phalate,56106,A.P.O.,Nepal
Okhaldhunga,Gamanangtar,56107,A.P.O.,Nepal
Okhaldhunga,Ghorakhori,56108,A.P.O.,Nepal
Okhaldhunga,Chyanam,56109,A.P.O.,Nepal
Okhaldhunga,Mane Bhanjyang,56110,A.P.O.,Nepal
Okhaldhunga,Moli,56111,A.P.O.,Nepal
Okhaldhunga,Ragani,56112,A.P.O.,Nepal
Palpa,Palpa,32500,D.P.O.,Nepal
Palpa,Sahalkot,32501,A.P.O.,Nepal
Palpa,Rampur,32502,A.P.O.,Nepal
Palpa,Hungi,32503,A.P.O.,Nepal
Palpa,Jalpa,32504,A.P.O.,Nepal
Palpa,Tahu,32505,A.P.O.,Nepal
Palpa,Jhadewa,32506,A.P.O.,Nepal
Palpa,Aryabhanjyang,32507,A.P.O.,Nepal
Palpa,Madanpokhara,32508,A.P.O.,Nepal
Palpa,Khasyauli,32509,A.P.O.,Nepal
Palpa,Argali,32510,A.P.O.,Nepal
Palpa,Chhahara,32511,A.P.O.,Nepal
Palpa,Palungmainadi,32512,A.P.O.,Nepal
Palpa,Baldengadi,32513,A.P.O.,Nepal
Panchthar,Panchthar,57400,D.P.O.,Nepal
Panchthar,Chyangthapu,57401,A.P.O.,Nepal
Panchthar,Ambarpur,57402,A.P.O.,Nepal
Panchthar,Namluwa,57403,A.P.O.,Nepal
Panchthar,Yangnam,57404,A.P.O.,Nepal
Panchthar,Nawamidanda,57406,A.P.O.,Nepal
Panchthar,Mehelbote,57407,A.P.O.,Nepal
Panchthar,Yasok,57408,A.P.O.,Nepal
Panchthar,Mauwa,57409,A.P.O.,Nepal
Panchthar,Rabi,57410,A.P.O.,Nepal
Panchthar,Limba,57411,A.P.O.,Nepal
Panchthar,Medibung,57412,A.P.O.,Nepal
Parbat,Parbat,33400,D.P.O.,Nepal
Parbat,Salija,33401,A.P.O.,Nepal
Parbat,Khurkot,33402,A.P.O.,Nepal
Parbat,Deurali,33403,A.P.O.,Nepal
Parbat,Thulipokhari,33405,A.P.O.,Nepal
Parbat,Karkineta,33406,A.P.O.,Nepal
Parbat,Devisthan,33407,A.P.O.,Nepal
Parbat,Bachchha,33408,A.P.O.,Nepal
Parbat,Lankhudeurali,33409,A.P.O.,Nepal
Parbat,Hubas,33410,A.P.O.,Nepal
Parbat,Khor Pokhara,33411,A.P.O.,Nepal
Parbat,Setibeni,33412,A.P.O.,Nepal
Parsa,Parsa,44300,D.P.O.,Nepal
Parsa,Aadarshanagar,44301,A.P.O.,Nepal
Parsa,Parbanipur,44303,A.P.O.,Nepal
Parsa,Bindabasini,44304,A.P.O.,Nepal
Parsa,Bahuari Pidari,44305,A.P.O.,Nepal
Parsa,Shirsiya Khalwatola,44306,A.P.O.,Nepal
Parsa,Biruwaguthi,44307,A.P.O.,Nepal
Parsa,Pakahamainpur,44308,A.P.O.,Nepal
Parsa,Phokhariya,44309,A.P.O.,Nepal
Parsa,Ranigunj,44310,A.P.O.,Nepal
Parsa,Paterwa Sugauli,44311,A.P.O.,Nepal
Parsa,Viswa,44312,A.P.O.,Nepal
Parsa,Janakitol,44313,A.P.O.,Nepal
Parsa,Jeetpur,44314,A.P.O.,Nepal
Parsa,Thori,44315,A.P.O.,Nepal
Pyuthan,Pyuthan,22300,D.P.O.,Nepal
Pyuthan,Dakhaquadi,22301,A.P.O.,Nepal
Pyuthan,Bhingri,22303,A.P.O.,Nepal
Pyuthan,Wangesal,22304,A.P.O.,Nepal
Pyuthan,Baraula,22305,A.P.O.,Nepal
Pyuthan,Majuwa,22307,A.P.O.,Nepal
Pyuthan,Machchhi,22308,A.P.O.,Nepal
Pyuthan,Thulabesi,22309,A.P.O.,Nepal
Pyuthan,Lungbahane,22310,A.P.O.,Nepal
Pyuthan,Bijuwar,22311,A.P.O.,Nepal
Pyuthan,Naya Gaun,22312,A.P.O.,Nepal
Ramechhap,Ramechhap,45400,D.P.O.,Nepal
Ramechhap,Those,45401,A.P.O.,Nepal
Ramechhap,Duragaun,45402,A.P.O.,Nepal
Ramechhap,Betali,45403,A.P.O.,Nepal
Ramechhap,Khimti,45404,A.P.O.,Nepal
Ramechhap,Saghutar,45405,A.P.O.,Nepal
Ramechhap,Kathjor,45406,A.P.O.,Nepal
Ramechhap,Puranagaun,45408,A.P.O.,Nepal
Ramechhap,Doramba,45409,A.P.O.,Nepal
Ramechhap,Hiledevi,45410,A.P.O.,Nepal
Ramechhap,Bhirpani,45411,A.P.O.,Nepal
Rasuwa,Rasuwa,45000,D.P.O.,Nepal
Rasuwa,Dhaibung,45003,A.P.O.,Nepal
Rasuwa,Ramkali,45004,A.P.O.,Nepal
Rasuwa,Rasuwa,45007,D.P.O.,Nepal
Rasuwa,Syaphru Besi,45009,A.P.O.,Nepal
Rautahat,Rautahat,44500,D.P.O.,Nepal
Rautahat,Saruatha,44502,A.P.O.,Nepal
Rautahat,Pipra bazar,44503,A.P.O.,Nepal
Rautahat,Madhopur,44504,A.P.O.,Nepal
Rautahat,Rajpurpharahadawa,44506,A.P.O.,Nepal
Rautahat,Patharabudhram,44508,A.P.O.,Nepal
Rautahat,Sitalpur,44509,A.P.O.,Nepal
Rautahat,Shivanagar,44510,A.P.O.,Nepal
Rautahat,Laxminiya,44511,A.P.O.,Nepal
Rautahat,Katahariya,44512,A.P.O.,Nepal
Rautahat,Samanpur,44513,A.P.O.,Nepal
Rautahat,Chandra Nigahapur,44515,A.P.O.,Nepal
Rolpa,Rolpa,22100,D.P.O.,Nepal
Rolpa,Khungri,22102,A.P.O.,Nepal
Rolpa,Sirpa,22103,A.P.O.,Nepal
Rolpa,Thawang,22106,A.P.O.,Nepal
Rolpa,Himtakura,22107,A.P.O.,Nepal
Rolpa,Ghartigaun,22108,A.P.O.,Nepal
Rolpa,Nerpa,22110,A.P.O.,Nepal
Rolpa,Dahaban,22111,A.P.O.,Nepal
Rolpa,Shulichaur,22112,A.P.O.,Nepal
Rolpa,Jhenam (Holeri),22113,A.P.O.,Nepal
Rukum,Rukum,22000,D.P.O.,Nepal
Rukum,Rukumkot,22002,A.P.O.,Nepal
Rukum,Riwangchaur,22004,A.P.O.,Nepal
Rukum,Kol,22005,A.P.O.,Nepal
Rukum,Peugha,22007,A.P.O.,Nepal
Rukum,Chaurjahari,22008,A.P.O.,Nepal
Rukum,Simli,22009,A.P.O.,Nepal
Rukum,Radijyula,22010,A.P.O.,Nepal
Rukum,Baphikot,22011,A.P.O.,Nepal
Rupandehi,Rupandehi,32900,D.P.O.,Nepal
Rupandehi,Siktahan,32901,A.P.O.,Nepal
Rupandehi,Dhakadhai,32902,A.P.O.,Nepal
Rupandehi,Manigram,32903,A.P.O.,Nepal
Rupandehi,Kotihawa,32904,A.P.O.,Nepal
Rupandehi,Thutipipal,32905,A.P.O.,Nepal
Rupandehi,Butwal,32907,A.P.O.,Nepal
Rupandehi,Parroha,32908,A.P.O.,Nepal
Rupandehi,Sauraha Pharsa,32909,A.P.O.,Nepal
Rupandehi,Amuwa,32910,A.P.O.,Nepal
Rupandehi,Saljhandi,32911,A.P.O.,Nepal
Rupandehi,Suryapura,32912,A.P.O.,Nepal
Rupandehi,Tenuhawa,32913,A.P.O.,Nepal
Rupandehi,Lumbini,32914,A.P.O.,Nepal
Rupandehi,Betkuiya,32915,A.P.O.,Nepal
Rupandehi,Mahadehiya,32916,A.P.O.,Nepal
Salyan,Salyan,22200,D.P.O.,Nepal
Salyan,Kalimati Kalche,22201,A.P.O.,Nepal
Salyan,Luham,22202,A.P.O.,Nepal
Salyan,Dhanbang,22203,A.P.O.,Nepal
Salyan,Mahaneta,22204,A.P.O.,Nepal
Salyan,Malneta,22207,A.P.O.,Nepal
Salyan,Maidu,22208,A.P.O.,Nepal
Salyan,Ragechour,22209,A.P.O.,Nepal
Salyan,Bhalchaur,22210,A.P.O.,Nepal
Salyan,Tharmare,22211,A.P.O.,Nepal
Sankhuwasabha,Sankhuwasabha,56900,D.P.O.,Nepal
Sankhuwasabha,Hatiya,56901,A.P.O.,Nepal
Sankhuwasabha,Hedangana,56902,A.P.O.,Nepal
Sankhuwasabha,Tamku,56903,A.P.O.,Nepal
Sankhuwasabha,Chandanpur,56904,A.P.O.,Nepal
Sankhuwasabha,Bahrabishe,56905,A.P.O.,Nepal
Sankhuwasabha,Tumlingtar,56906,A.P.O.,Nepal
Sankhuwasabha,Wana,56907,A.P.O.,Nepal
Sankhuwasabha,Shidhakali,56908,A.P.O.,Nepal
Sankhuwasabha,Madi,56909,A.P.O.,Nepal
Sankhuwasabha,Ankhibhui,56910,A.P.O.,Nepal
Sankhuwasabha,Mamling,56911,A.P.O.,Nepal
Sankhuwasabha,Manebhanjyang,56912,A.P.O.,Nepal
Sankhuwasabha,Chainpur,56913,A.P.O.,Nepal
Saptari,Saptari,56400,D.P.O.,Nepal
Saptari,Hanuman Nagar,56401,A.P.O.,Nepal
Saptari,Bairaba,56402,A.P.O.,Nepal
Saptari,Phattepur,56403,A.P.O.,Nepal
Saptari,Kanchanpur,56404,A.P.O.,Nepal
Saptari,Praswani,56405,A.P.O.,Nepal
Saptari,Bhagawatpur,56406,A.P.O.,Nepal
Saptari,Koiladi,56407,A.P.O.,Nepal
Saptari,Chhinnamasta,56408,A.P.O.,Nepal
Saptari,Bishnupur,56409,A.P.O.,Nepal
Saptari,Rupani,56411,A.P.O.,Nepal
Saptari,Pato,56412,A.P.O.,Nepal
Saptari,Arnaha,56413,A.P.O.,Nepal
Saptari,Kalyanpur,56414,A.P.O.,Nepal
Saptari,Bodebarsain,56415,A.P.O.,Nepal
Saptari,Sisawa,56416,A.P.O.,Nepal
Saptari,Kadarwona,56417,A.P.O.,Nepal
Saptari,Bhardaha,56418,A.P.O.,Nepal
Sarlahi,Sarlahi,45800,D.P.O.,Nepal
Sarlahi,Lalbandi,45801,A.P.O.,Nepal
Sarlahi,Bayalbas,45802,A.P.O.,Nepal
Sarlahi,Haripurwa,45803,A.P.O.,Nepal
Sarlahi,Hariaun,45804,A.P.O.,Nepal
Sarlahi,Haripur,45805,A.P.O.,Nepal
Sarlahi,Brahmapuri,45806,A.P.O.,Nepal
Sarlahi,Kaudena,45809,A.P.O.,Nepal
Sarlahi,Barahathawa,45810,A.P.O.,Nepal
Sarlahi,Sundarpur,45811,A.P.O.,Nepal
Sarlahi,Dumariya,45813,A.P.O.,Nepal
Sarlahi,Karmaiya,45814,A.P.O.,Nepal
Sarlahi,Harkathawa,45815,A.P.O.,Nepal
Sarlahi,Ramnagar(Bahuarwa),45816,A.P.O.,Nepal
Sarlahi,Chhatauna,45817,A.P.O.,Nepal
Sindhuli,Sindhuli,45900,D.P.O.,Nepal
Sindhuli,Solpa,45901,A.P.O.,Nepal
Sindhuli,Bahun Tilpung,45902,A.P.O.,Nepal
Sindhuli,Dudhauli,45903,A.P.O.,Nepal
Sindhuli,Dakaha,45904,A.P.O.,Nepal
Sindhuli,Gwaltar,45905,A.P.O.,Nepal
Sindhuli,Khurkot,45906,A.P.O.,Nepal
Sindhuli,Belghari,45907,A.P.O.,Nepal
Sindhuli,Bhiman,45909,A.P.O.,Nepal
Sindhuli,Jhanga Jholi,45910,A.P.O.,Nepal
Sindhuli,Netrakali,45911,A.P.O.,Nepal
Sindhuli,Kapilakot,45912,A.P.O.,Nepal
Sindhuli,Pipalmadhiratanpur,45913,A.P.O.,Nepal
Sindhupalchok,Sindhupalchok,45300,D.P.O.,Nepal
Sindhupalchok,Kodari,45301,A.P.O.,Nepal
Sindhupalchok,Barabise,45302,A.P.O.,Nepal
Sindhupalchok,Atarpur,45304,A.P.O.,Nepal
Sindhupalchok,Lamosanghu,45305,A.P.O.,Nepal
Sindhupalchok,Nawalpur,45306,A.P.O.,Nepal
Sindhupalchok,Pangtang,45307,A.P.O.,Nepal
Sindhupalchok,Jalbire,45308,A.P.O.,Nepal
Sindhupalchok,Bhotsipa,45309,A.P.O.,Nepal
Sindhupalchok,Melamchi Bahunepati,45310,A.P.O.,Nepal
Sindhupalchok,Gyalthum,45311,A.P.O.,Nepal
Sindhupalchok,Thangapaldhap,45312,A.P.O.,Nepal
Sindhupalchok,Dubachaur,45313,A.P.O.,Nepal
Sindhupalchok,Balephi,45314,A.P.O.,Nepal
Siraha,Siraha,56500,D.P.O.,Nepal
Siraha,Bastipur,56501,A.P.O.,Nepal
Siraha,Lahan,56502,A.P.O.,Nepal
Siraha,Bhagawanpur,56503,A.P.O.,Nepal
Siraha,Dhanagadhi,56504,A.P.O.,Nepal
Siraha,Maheshpur patari,56505,A.P.O.,Nepal
Siraha,Bariyarpatti,56506,A.P.O.,Nepal
Siraha,Golbazar (Asanpur),56508,A.P.O.,Nepal
Siraha,Sukhipur,56509,A.P.O.,Nepal
Siraha,Bishnupur,56511,A.P.O.,Nepal
Siraha,Belha,56512,A.P.O.,Nepal
Siraha,Madar,56513,A.P.O.,Nepal
Siraha,Mirchaiya,56515,A.P.O.,Nepal
Siraha,Bandipur,56516,A.P.O.,Nepal
Siraha,Kalyanpur,56517,A.P.O.,Nepal
Solukhumbu,Solukhumbu,56000,D.P.O.,Nepal
Solukhumbu,Namche Bazar,56002,A.P.O.,Nepal
Solukhumbu,Sotang,56004,A.P.O.,Nepal
Solukhumbu,Jubu,56005,A.P.O.,Nepal
Solukhumbu,Nele,56006,A.P.O.,Nepal
Solukhumbu,Necha,56007,A.P.O.,Nepal
Solukhumbu,Shishakhola,56008,A.P.O.,Nepal
Solukhumbu,Himaganga,56009,A.P.O.,Nepal
Solukhumbu,Lukla,56010,A.P.O.,Nepal
Sunsari,Sunsari,56700,D.P.O.,Nepal
Sunsari,Mangalbare,56702,A.P.O.,Nepal
Sunsari,Chatara,56703,A.P.O.,Nepal
Sunsari,Bakalauri,56704,A.P.O.,Nepal
Sunsari,Itahari,56705,A.P.O.,Nepal
Sunsari,Simariya,56706,A.P.O.,Nepal
Sunsari,Duhabi,56707,A.P.O.,Nepal
Sunsari,Chimadi,56708,A.P.O.,Nepal
Sunsari,Jhumka,56709,A.P.O.,Nepal
Sunsari,Inarauwa,56710,A.P.O.,Nepal
Sunsari,Aurabari,56711,A.P.O.,Nepal
Sunsari,Dewangunj,56712,A.P.O.,Nepal
Sunsari,Madhuvan,56713,A.P.O.,Nepal
Sunsari,Laukahee,56714,A.P.O.,Nepal
Sunsari,Bhutaha,56715,A.P.O.,Nepal
Sunsari,Mahendra Nagar,56716,A.P.O.,Nepal
Sunsari,Chhitaha,56717,A.P.O.,Nepal
Surkhet,Surkhet,21700,D.P.O.,Nepal
Surkhet,Chhinchu,21701,A.P.O.,Nepal
Surkhet,Ramghat,21702,A.P.O.,Nepal
Surkhet,Sahare,21703,A.P.O.,Nepal
Surkhet,Gumi,21704,A.P.O.,Nepal
Surkhet,Bheriganga,21705,A.P.O.,Nepal
Surkhet,Matela,21706,A.P.O.,Nepal
Surkhet,Garpan,21707,A.P.O.,Nepal
Surkhet,Kunathari,21709,A.P.O.,Nepal
Surkhet,Babiyachaur,21710,A.P.O.,Nepal
Surkhet,Gutu,21711,A.P.O.,Nepal
Syanja,Syangja,33800,A.P.O.,Nepal
Syanja,Kolma,33802,A.P.O.,Nepal
Syanja,Kichnas,33803,A.P.O.,Nepal
Syanja,Jharkham,33804,A.P.O.,Nepal
Syanja,Arjunchaupari,33805,A.P.O.,Nepal
Syanja,Panchamul,33806,A.P.O.,Nepal
Syanja,Rangethanti,33807,A.P.O.,Nepal
Syanja,Fedikhola,33808,A.P.O.,Nepal
Syanja,Bhumare,33811,A.P.O.,Nepal
Syanja,Kyakmi,33812,A.P.O.,Nepal
Syanja,Waidha Bhanjhyang,33813,A.P.O.,Nepal
Syanja,Chapakot,33814,A.P.O.,Nepal
Syanja,Galyang,33815,A.P.O.,Nepal
Tanahun,Tanahun,33900,D.P.O.,Nepal
Tanahun,Tuhure Pasal,33902,A.P.O.,Nepal
Tanahun,Manechauka,33903,A.P.O.,Nepal
Tanahun,Bandipur,33904,A.P.O.,Nepal
Tanahun,Aanbu Khaireni,33905,A.P.O.,Nepal
Tanahun,Baidi,33906,A.P.O.,Nepal
Tanahun,Kahunshivapur,33907,A.P.O.,Nepal
Tanahun,Rising Ranipokhari,33908,A.P.O.,Nepal
Tanahun,Ghiring Sundhara,33909,A.P.O.,Nepal
Tanahun,Bhimad,33910,A.P.O.,Nepal
Tanahun,Lamagaun,33911,A.P.O.,Nepal
Tanahun,Khairenitar,33912,A.P.O.,Nepal
Tanahun,Shisha Ghat,33913,A.P.O.,Nepal
Tanahun,Dumre,33914,A.P.O.,Nepal
Tanahun,Devaghat,33915,A.P.O.,Nepal
Taplajung,Khewang,57501,A.P.O.,Nepal
Taplajung,Sadeba,57502,A.P.O.,Nepal
Taplajung,Thokimba,57509,A.P.O.,Nepal
Taplajung,Dobhan,57510,A.P.O.,Nepal
Taplajung,Taplejung,57500,A.P.O.,Nepal
Taplajung,Sinam,57503,A.P.O.,Nepal
Taplajung,Pedang,57504,A.P.O.,Nepal
Taplajung,Thechambu,57505,A.P.O.,Nepal
Taplajung,Siwang,57506,A.P.O.,Nepal
Taplajung,Khokling,57507,A.P.O.,Nepal
Taplajung,Olangchunggola,57508,A.P.O.,Nepal
Taplajung,Change,57511,A.P.O.,Nepal
Taplajung,Hangpang,57512,A.P.O.,Nepal
Terhathum,Terhathum,57100,D.P.O.,Nepal
Terhathum,Jirikhimti,57102,A.P.O.,Nepal
Terhathum,Tinjure,57103,A.P.O.,Nepal
Terhathum,Basantapur,57104,A.P.O.,Nepal
Terhathum,Sudap,57105,A.P.O.,Nepal
Terhathum,Hamarjung,57106,A.P.O.,Nepal
Terhathum,Morahang,57107,A.P.O.,Nepal
Terhathum,Pokalawang,57108,A.P.O.,Nepal
Terhathum,Mulpani,57110,A.P.O.,Nepal
Terhathum,Iwa,57111,A.P.O.,Nepal
Udayapur,Udayapur,56300,D.P.O.,Nepal
Udayapur,Ratapani (Thoksila),56301,A.P.O.,Nepal
Udayapur,Beltar,56302,A.P.O.,Nepal
Udayapur,Hadiya,56303,A.P.O.,Nepal
Udayapur,Pokhari,56305,A.P.O.,Nepal
Udayapur,Baraha,56306,A.P.O.,Nepal
Udayapur,Bhutar,56307,A.P.O.,Nepal
Udayapur,Rampur Jhilke,56308,A.P.O.,Nepal
Udayapur,Udayapur Gadhi,56309,A.P.O.,Nepal
Udayapur,Katari,56310,A.P.O.,Nepal
Udayapur,Sorung Chhabise,56311,A.P.O.,Nepal
Udayapur,Rauta Murkuchi,56312,A.P.O.,Nepal
